Sample,B,Na,Mg,Al,P,K,Ca,Fe,Mn,Co,Ni,Cu,Zn,As,Se,Rb,Sr,Mo,Cd,site,upper_political,lower_political,plant_body_site,scion,rootstock,host_virus_stat,brix_field,brix_lab,pH,cluster_weight,time,date_collect,block
CL01B,8.638467837,0.90773347,810.9689692,2.843476307,1282.032524,9742.224886,2874.000739,22.00900698,11.57715857,0.020950101,0.105193643,4.182037573,6.256462524,0.00588555,0.014482219,9.849079749,28.54710165,0.031306681,0.012037637,liberty,california,san joaquin,berry,chardonnay,Teleki 5C,GLRaV-3,13.9,8.9,2.63,287,11:14,7232018,1
CL01RT,2.609911416,23.02029873,2018.868118,1329.968995,843.4905954,3385.973861,5237.1341,3677.779175,184.1665177,3.718633067,2.785141198,12.87335947,223.2929874,2.520784951,0.127347416,10.9462043,64.25788734,0.368616647,0.063790821,liberty,california,san joaquin,root,chardonnay,Teleki 5C,GLRaV-3,13.9,,,,10:21,7232019,1
CL02B,9.425930204,1.166674171,873.7577575,16.88549309,1696.674676,15870.32138,2303.085238,67.65455775,17.91922075,0.061862377,0.174938562,4.969344026,9.639914279,0.030273869,0.014865939,3.170494434,22.73519337,0.035682723,0.018623359,liberty,california,san joaquin,berry,chardonnay,Kober 5BB,NA,17.7,10.6,2.93,151,11:18,7232018,2
CL02RT,4.873776413,34.46143583,2720.953488,923.6247271,1531.60158,2915.385101,8672.638964,3008.036832,195.7900489,2.723094778,2.069413544,20.12663996,502.477476,1.314283163,0.135670573,5.282942278,124.1971345,0.214156541,0.02352872,liberty,california,san joaquin,root,chardonnay,Kober 5BB,NA,17.7,,,,11:18,7232018,2
CL03B,7.304433475,0.649755006,567.7911255,3.704208526,1406.942301,11821.20019,1486.312999,27.44487734,10.0568271,0.016307581,0.064278707,5.051067304,3.314646749,0.012160201,0.007873804,3.969046174,15.65212962,0.033380231,0.003756115,liberty,california,san joaquin,berry,chardonnay,775 Paulsen,GLRaV-3,9.6,NA,NA,166,11:22,7232018,3
CL03RT,2.952928846,24.86423453,2060.39768,1182.72869,1414.059153,4461.770854,5045.965513,3085.72983,148.828246,1.705314318,1.353141779,10.13373309,57.16380583,1.063010175,0.092573512,8.307442751,65.56525046,0.195412615,0.03528904,liberty,california,san joaquin,root,chardonnay,775 Paulsen,GLRaV-3,9.6,,,,11:22,7232018,3
CL04B,12.39767645,0.850259966,579.0300836,8.313451411,1141.979845,12616.12678,1114.362805,39.203443,11.85449307,0.034028191,0.098800222,4.153153156,8.798098653,0.011617601,0.008310091,6.145701064,9.264000835,0.031961972,0.006476388,liberty,california,san joaquin,berry,chardonnay,775 Paulsen,GLRaV-3,15,12.8,3.27,175,11:26,7232018,1
CL04RT,3.259235345,31.45250413,1708.607107,909.8591403,1215.569488,3771.503149,5752.417224,2753.182435,103.7680341,1.743691084,1.506267493,8.990337717,362.3632853,0.943914161,0.091027408,5.863753288,78.74887166,0.156585783,0.080040697,liberty,california,san joaquin,root,chardonnay,775 Paulsen,GLRaV-3,15,,,,11:26,7232018,1
CL05B,6.72815421,1.154058254,907.8139241,3.825098943,1431.289839,13618.70943,1745.27242,30.62255603,20.38805525,0.034413389,0.042755724,3.811371798,7.898551306,0.013669621,0.004849461,3.541788527,17.45529508,0.025663082,0.001820862,liberty,california,san joaquin,berry,chardonnay,Freedom,GLRaV-3,8.3,9.7,2.83,175,10:24,7232019,2
CL05RT,5.973905838,46.7416552,3175.941424,1334.705606,860.5881401,2770.859153,9161.825205,3564.345597,278.3527111,3.436299988,1.904396667,16.48773472,418.6394259,1.301260561,0.119811563,7.708353583,123.165361,0.276072929,0.067212075,liberty,california,san joaquin,root,chardonnay,Freedom,GLRaV-3,6.3,,,,11:30,7232018,2
CL06B,9.603918791,0.598335,724.7745135,5.026847405,1449.483979,14538.73112,1731.537004,36.10219216,15.36551675,0.035835728,0.107038204,5.10800821,7.744611319,0.018579835,0.007372847,3.110136715,12.60846496,0.029562045,0.013809793,liberty,california,san joaquin,berry,chardonnay,101-14 MGT,GLRaV-3,11,NA,3.19,420,11:34,7232018,3
CL06RT,3.594040752,25.27965398,1982.615611,1060.57961,1119.116519,3167.904177,7400.037048,3100.758757,269.5316374,3.167869067,1.758782163,14.22844362,452.793961,1.143884887,0.124772903,6.454565227,101.598141,0.298318493,0.200528343,liberty,california,san joaquin,root,chardonnay,101-14 MGT,GLRaV-3,11,,,,11:34,7232018,3
CL07B,20.47258308,0.75701434,1042.882949,6.010457016,1468.200875,14197.34238,1976.96895,40.60108942,10.51647622,0.080677667,0.15076253,5.65633016,5.503971912,0.008793765,0.020118547,15.45050161,20.64507998,0.029774623,0.014383332,liberty,california,san joaquin,berry,chardonnay,Ramsey,GLRaV-3,6.3,12.2,2.8,91,11:38,7232018,1
CL07RT,4.455205877,46.89935714,3988.699381,1078.489339,1509.324158,2259.371175,7518.662683,3890.692543,358.6543257,4.184464304,2.314279539,13.88893117,150.6009129,1.67339122,0.204855709,8.189329183,110.6215155,0.342496968,0.108798447,liberty,california,san joaquin,root,chardonnay,Ramsey,GLRaV-3,6.3,,,,11:38,7232018,1
CL08B,5.267838222,0.461217283,808.8202901,2.157675575,1514.437088,13675.58305,1948.121046,28.9315104,13.81434881,0.031242064,0.074040653,5.474122993,7.09971851,0.008134877,0.01889282,5.061866953,17.13456177,0.043347274,0.010434148,liberty,california,san joaquin,berry,chardonnay,140Ru,"GLRaV-3, GRBV",6.1,13.3,3.26,258,11:43,7232018,2
CL08RT,4.041776673,32.75391124,2879.849251,780.3894434,1936.123363,4267.466536,9581.955748,2603.883062,203.4981895,3.188721968,1.659353272,14.97278253,804.2709343,1.242033421,0.108922681,5.533346217,132.9640912,0.206955355,0.02343528,liberty,california,san joaquin,root,chardonnay,140Ru,"GLRaV-3, GRBV",6.1,,,,11:43,7232018,2
CL09B,6.525676971,0.740760015,788.9899423,5.536105067,2130.126863,19342.38107,2098.947374,31.20876431,10.90611693,0.025894213,0.086351881,4.677456349,6.875513092,0.010149151,0.020844596,3.788600693,22.98630382,0.033562217,0.020429144,liberty,california,san joaquin,berry,chardonnay,110 Richter,"GLRaV-3, GRBV",14.4,8.3,2.96,204,11:48,7232018,3
CL09RT,4.720993889,29.28296126,1710.46603,696.1187329,2419.804503,5129.891943,9387.714321,2134.507421,199.120368,2.688859015,1.216519961,17.0696228,77.77969549,1.051097898,0.134809733,4.737831963,113.5656583,0.435447367,0.076319922,liberty,california,san joaquin,root,chardonnay,110 Richter,"GLRaV-3, GRBV",14.4,,,,11:48,7232018,3
CL10B,7.175541918,0.842750942,892.2157156,4.673683431,1185.268799,11074.31231,1890.403752,30.74296672,9.885060099,0.033714522,0.100501581,4.005643834,6.179248358,0.006758453,0.007416213,6.972288736,17.89705188,0.027087449,0.007868293,liberty,california,san joaquin,berry,chardonnay,3309 Couderc,GLRaV-3,10.1,13.3,2.97,245,11:53,7232018,1
CL10RT,3.961693641,41.40544884,2252.772996,964.1045226,1314.206627,4895.217191,7531.429038,2942.926484,206.2265836,2.903419582,2.0067304,14.10926917,574.8615432,0.997474626,0.100981863,6.041643736,104.3823107,0.259309237,0.067051983,liberty,california,san joaquin,root,chardonnay,3309 Couderc,GLRaV-3,10.1,,,,11:53,7232018,1
CL11B,8.513026951,0.454489069,995.3737229,2.989381459,2038.277456,14980.65725,2288.732522,36.76938235,19.22349903,0.033180421,0.13252946,7.688484642,13.38425482,0.006762512,-0.005630397,3.675214112,20.03101402,0.037483061,0.029562612,liberty,california,san joaquin,berry,chardonnay,1103 Paulsen,GLRaV-3,4.4,9.7,3,164,11:57,7232018,2
CL11RT,3.557795242,34.68655401,2248.915673,695.3481455,1888.9425,5951.613869,7776.214436,1909.621986,167.403548,1.590664986,0.959305528,8.451882871,278.2594458,0.702219164,0.1069197,4.5843235,94.53944226,0.26361413,0.041187385,liberty,california,san joaquin,root,chardonnay,1103 Paulsen,GLRaV-3,4.4,,,,11:57,7232018,2
CL12B,7.824193513,4.615823777,763.1506433,4.584182517,1741.19828,16009.87344,2162.579833,36.93313815,27.1385855,0.030138845,0.156325705,6.932112061,5.382506815,0.013855039,0.010376248,3.018646228,19.9600662,0.020186625,0.011974816,liberty,california,san joaquin,berry,chardonnay,039-16,GLRaV-3,14.1,5.5,3.14,139,10:27,7232019,4
CL12RT,0.99387385,16.50689917,1535.79983,1362.469109,420.2738293,2053.304699,2427.650851,3399.090484,234.7610521,2.441945156,1.892180188,14.39458737,32.69302221,1.779798169,0.093609328,10.41397136,32.63649163,0.226219073,0.043057764,liberty,california,san joaquin,root,chardonnay,039-16,GLRaV-3,6.4,,,,12:01,7232018,4
CL13B,10.4200702,0.8063159,1069.551193,5.595337069,1673.815403,12440.97955,2594.851724,37.51706593,17.94856714,0.037176155,0.192516189,5.123080485,25.50637084,0.010238383,0.009595471,3.53122126,20.54544974,0.032133007,0.004130932,liberty,california,san joaquin,berry,chardonnay,101-14 MGT,NA,16.7,9.1,2.78,167,12:06,7232018,1
CL13RT,7.303005387,22.70838227,2572.70091,857.9865635,1821.448635,3551.490307,8415.245933,3105.966345,229.7853229,2.409979237,1.257973481,10.85316766,78.1012187,1.022608301,0.124604275,4.464664442,112.1108342,0.178451991,0.04282127,liberty,california,san joaquin,root,chardonnay,101-14 MGT,NA,16.7,,,,12:06,7232018,1
CL14B,6.696568535,1.4416351,669.9965763,4.762563701,1408.730089,13966.68176,1381.631495,36.57538484,16.6989935,0.05586946,0.052956509,5.046967655,6.705930935,0.013565066,0.010978437,2.131395796,14.12162354,0.033022109,0.004330979,liberty,california,san joaquin,berry,chardonnay,Schwarzmann,"GLRaV-3, GFLV",14.4,13.5,3.03,113,10:30,7232018,2
CL14RT,3.597500226,19.91691331,1671.010404,452.8674554,2012.306711,2881.819069,5602.650794,1591.744428,140.2296934,1.51927627,0.692818896,10.09862814,386.5412138,0.631011039,0.036293704,2.617004085,84.17402247,0.121778623,0.050551634,liberty,california,san joaquin,root,chardonnay,Schwarzmann,"GLRaV-3, GFLV",7.2,,,,12:10,7232018,2
CL15B,6.349206858,0.499408343,669.2728848,2.3744656,1179.736568,11024.12061,1570.247014,22.66025896,7.957171267,0.020289501,0.067453563,2.810368719,4.507398617,0.006687878,0.01807812,2.173469364,15.56584538,0.026586242,0.001159274,liberty,california,san joaquin,berry,chardonnay,420A,GLRaV-3,16.6,11.1,3.18,223,12:14,7232018,3
CL15RT,0.817283351,18.40890001,1440.133806,1301.090416,403.4584628,2203.674789,1912.404984,3535.551427,196.4573995,2.69374338,2.058456166,9.722184892,35.51833212,1.80524788,0.106992776,11.71868393,25.27288088,0.177175551,0.055596263,liberty,california,san joaquin,root,chardonnay,420A,GLRaV-3,16.6,,,,12:14,7232018,3
CL16B,7.342538542,0.887913754,1135.869479,5.178467042,1416.499262,11616.50795,2189.303335,32.24933198,13.57171971,0.047949144,0.095857853,4.736391763,7.24930906,0.011664092,0.010519416,2.416927264,23.29294101,0.02650948,0.005824987,liberty,california,san joaquin,berry,chardonnay,Schwarzmann,NA,7.3,11.7,2.78,135,12:18,7232018,1
CL16RT,0.631635933,16.31405582,2162.141027,1780.674983,342.9166107,2404.149521,1482.833211,5219.289808,246.9928539,3.953212377,2.721607885,6.886629105,33.95867535,1.567634067,0.131434323,18.71800831,21.28981883,0.170379679,0.023442542,liberty,california,san joaquin,root,chardonnay,Schwarzmann,NA,7.3,,,,12:18,7232018,1
CL17B,7.051395197,1.662891455,844.1103841,13.77919075,1764.898515,15797.61055,2140.780328,60.61757225,17.91996783,0.067102757,0.115212093,6.360982271,10.32968987,0.022352851,0.017118146,2.043678302,24.09215075,0.044393203,0.027012568,liberty,california,san joaquin,berry,chardonnay,Ramsey,NA,10.7,5.9,2.83,196,10:34,7232019,2
CL17RT,3.031004885,39.4065334,2467.039776,1211.470833,796.5022337,3349.44251,5832.550523,2794.9971,193.2192864,3.55016727,2.083884845,19.5379714,646.7366327,1.592014792,0.099743071,8.827884046,75.08702612,0.250498437,0.088072447,liberty,california,san joaquin,root,chardonnay,Ramsey,NA,9.5,,,,12:21,7232018,2
CL18B,8.758344701,0.906877676,936.9529356,4.082835656,1632.694527,14213.04178,2392.159906,45.7210208,31.09315071,0.044118819,0.167693775,4.275368493,7.077093898,0.012803015,0.014302307,1.84651327,26.17665664,0.036977365,0.020062174,liberty,california,san joaquin,berry,chardonnay,Kober 5BB,"GLRaV-3, GVA, GVB",8.6,9.3,2.96,86,10:35,7232019,3
CL18RT,2.555533871,57.85256215,2933.240885,1434.279743,954.5346511,10819.13092,5233.849599,3525.689729,272.0602168,3.702525072,3.6401929,15.24268189,59.31685029,2.211020929,0.135606793,13.31418622,64.25494752,0.341487776,0.078539946,liberty,california,san joaquin,root,chardonnay,Kober 5BB,"GLRaV-3, GVA, GV",12.3,,,,12:24,7232018,3
CL19B,9.597469229,0.882358393,780.7712576,5.336445965,1202.545592,12654.93192,1677.547167,30.18274775,10.46966309,0.031322977,0.137975308,5.110591245,6.435471554,0.009060771,0.005218573,3.485926752,17.02217731,0.035818118,0.006383629,liberty,california,san joaquin,berry,chardonnay,110 Richter,GLRaV-3,14,7.2,2.74,228,12:27,7232018,1
CL19RT,2.65521841,27.88801246,1753.111521,1193.197653,867.3745267,3468.911379,5577.358749,3487.902758,267.6238307,2.84428787,2.199457343,21.15822238,463.9083334,1.15756865,0.094571966,7.294070174,68.26177774,0.335078441,0.115033896,liberty,california,san joaquin,root,chardonnay,110 Richter,GLRaV-3,14,,,,12:27,7232018,1
CL20B,9.817121515,1.361909632,923.3000882,5.951071007,2712.060581,21559.84781,1481.027374,47.3137498,15.91762748,0.030640638,0.147036421,9.806714204,27.51188809,0.012218052,0.025054538,4.870337267,11.93395995,0.110560894,0.004788548,liberty,california,san joaquin,berry,chardonnay,775 Paulsen,GLRaV-3,10.2,4.9,2.24,174,12:31,7232018,2
CL20RT,3.188246332,27.59466529,2234.42582,1278.960814,1384.796021,3908.271934,6801.424616,3725.103835,310.4566641,3.614738454,2.50041112,20.54561439,613.9300065,1.575696392,0.097678374,7.496853563,98.70587985,0.207124438,0.052799158,liberty,california,san joaquin,root,chardonnay,775 Paulsen,GLRaV-3,10.2,,,,12:31,7232018,2
CL21B,10.86558343,2.308422722,950.7340614,10.60613206,1982.709912,23283.97043,2317.960927,49.92995378,21.78250293,0.061055453,0.143947498,8.12730636,12.98267796,0.026937629,0.020866873,5.655252257,24.25965066,0.012153963,0.003861481,liberty,california,san joaquin,berry,chardonnay,039-16,"GLRaV-3, GVB",8.5,NA,3.08,128,12:34,7232018,3
CL21RT,4.051728193,90.20908607,3137.151294,1169.630505,1339.525648,5728.819424,7106.208835,3067.519577,276.1981951,2.624438393,2.133096947,18.44983911,99.61749426,1.410678862,0.116677287,7.382312356,86.01465752,1.636424612,0.086867918,liberty,california,san joaquin,root,chardonnay,039-16,"GLRaV-3, GVB",8.5,,,,12:34,7232018,3
CL22B,6.938172258,1.777752363,849.624715,4.881742535,1596.632012,11115.5496,1846.218163,33.04264658,11.34440859,0.034463616,0.198090909,5.075279245,40.61263604,0.008356338,0.011138617,2.981344627,15.11774595,0.069643866,0.093413487,liberty,california,san joaquin,berry,chardonnay,140Ru,NA,15.3,9.1,2.88,273,12:37,7232018,1
CL22RT,4.145751876,39.43389734,2281.09807,518.9887859,1766.711983,4193.383315,7940.648455,2488.460571,89.76924886,1.399115073,1.46108174,10.33884671,704.8604947,0.969173282,0.07387257,3.369902421,101.8778964,0.207369797,0.130324583,liberty,california,san joaquin,root,chardonnay,140Ru,NA,15.3,,,,12:37,7232018,1
CL23B,6.499069959,1.385482002,666.2708644,7.150596249,1307.993951,12085.81693,1772.972486,30.26715205,10.59523907,0.024223238,0.159451732,3.357117607,5.000257477,0.013527696,0.016117882,1.929311098,16.61447391,0.042174704,0.00602,liberty,california,san joaquin,berry,chardonnay,420A,GLRaV-3,15.8,13,2.81,148,12:40,7232018,2
CL23RT,4.741171914,94.10322876,3159.120436,952.2338099,2388.592385,4140.095417,7943.590467,2449.502071,264.3022258,1.866779496,1.30466898,11.05625572,415.4922112,0.911289163,0.078596905,5.335393797,99.36533885,0.157864336,0.083522688,liberty,california,san joaquin,root,chardonnay,420A,GLRaV-3,15.8,,,,12:40,7232018,2
CL24B,9.296196332,1.422349172,768.4018866,5.477406032,1478.675417,15154.30862,1600.669154,33.97575322,12.76236928,0.02209777,0.136149089,4.950200921,5.648513906,0.012405458,0.011795799,2.647071484,16.84950129,0.031832558,0.003040703,liberty,california,san joaquin,berry,chardonnay,Teleki 5C,"GLRaV-3, GVB",14.4,9.7,2.91,191,12:43,7232018,3
CL24RT,4.602389614,37.50073386,1535.772257,547.0440075,1514.504324,3522.349162,7786.135541,1838.044591,247.1077924,2.491713485,1.432009037,19.22805518,214.0161071,1.382167637,0.125423117,3.158638374,102.0686697,0.573113497,0.094838083,liberty,california,san joaquin,root,chardonnay,Teleki 5C,"GLRaV-3, GVB",14.4,,,,10:45,7232019,3
CL25B,7.804476111,2.784740743,1078.600638,4.691041843,1741.648514,14106.82618,2510.021858,31.0871624,12.7293065,0.024434141,0.151277511,5.514802798,7.35244449,0.009680896,0.017061801,3.004439694,23.7549815,0.039484297,0.003356942,liberty,california,san joaquin,berry,chardonnay,1103 Paulsen,NA,16.4,9.3,2.82,171,12:46,7232018,1
CL25RT,3.632327421,25.39364185,1344.263367,244.340268,2614.242025,4191.540344,8213.257983,814.2438569,144.0993612,0.8613542,0.573024485,8.291676272,109.9330807,0.668884996,0.052923906,2.020874189,101.9321512,0.244484184,0.021930441,liberty,california,san joaquin,root,chardonnay,1103 Paulsen,NA,16.4,,,,10:40,7232019,1
CL26B,5.464313498,0.992573335,506.3934161,2.533904064,1213.439654,10616.56529,1028.474258,22.15573767,6.361881117,0.01719621,0.151565606,4.146906779,3.637749131,0.005640519,0.00162768,3.329535268,8.92006666,0.032515352,0.00327012,liberty,california,san joaquin,berry,chardonnay,3309 Couderc,NA,7.9,15.3,2.98,266,12:49,7232018,2
CL26RT,3.899375996,25.19346963,2178.836224,595.5028678,1487.234935,2631.398002,6561.162784,1974.753025,185.4329146,2.039037469,1.071639181,11.89507543,212.2706619,0.874906797,0.064309498,3.649100536,101.0016379,0.27570369,0.059257594,liberty,california,san joaquin,root,chardonnay,3309 Couderc,NA,7.9,,,,12:49,7232018,2
CL27B,11.71337877,0.728729691,938.4436563,4.854303402,1786.978952,20721.35831,2312.632762,40.00722526,19.13602176,0.033495877,0.088700209,6.898441109,8.126193017,0.022719829,0.004756815,4.605409388,19.02309363,0.056815963,0.007818359,liberty,california,san joaquin,berry,chardonnay,1103 Paulsen,GLRaV-3,5.2,4.2,2.55,97,10:49,7232019,3
CL27RT,1.604207526,23.95932344,1520.31889,947.8140885,629.2432439,2777.243201,2917.633668,3373.322579,212.4352922,2.346113878,1.758875906,9.865348653,238.1899002,1.597788945,0.139683875,8.73984426,40.2579842,0.214571076,0.094464718,liberty,california,san joaquin,root,chardonnay,1103 Paulsen,GLRaV-3,6.5,,,,12:53,7232018,3
CL28B,10.89218695,2.933367451,874.0763228,7.680580988,1618.229607,19810.34752,2213.61132,45.13033247,36.46158174,0.060567584,0.187884511,4.043647792,37.14426041,0.017440086,0.006924573,3.174244084,23.5531009,0.030636587,0.001879202,liberty,california,san joaquin,berry,chardonnay,Kober 5BB,NA,11.2,9.5,2.8,72,10:52,7232019,1
CL28RT,3.963570745,25.35950719,1935.596343,487.9820174,1526.462873,2686.926658,7799.59528,1453.278973,239.1419695,2.269541067,0.869369221,6.960869898,583.4821748,0.590861445,0.081464719,2.872688444,113.3773005,0.143286412,0.191829755,liberty,california,san joaquin,root,chardonnay,Kober 5BB,NA,17.5,,,,12:57,7232018,1
CL29B,10.27304388,0.627091316,1242.082094,6.32003782,1583.046248,12527.13555,3273.768508,43.33448604,27.77760194,0.055009974,0.136779147,4.570999028,11.51326016,0.009333666,0.0064753,3.041639918,33.66068356,0.034574594,0.002251796,liberty,california,san joaquin,berry,chardonnay,Schwarzmann,GFLV,9.2,10.6,2.96,112,1:03,7232018,3
CL29RT,3.947641119,39.67403302,1632.818694,652.4798057,2176.521052,6153.97095,6415.108083,1788.050601,269.9036866,2.222943054,1.055293599,13.49608258,324.2809486,1.005068442,0.073821185,4.482851203,83.25254168,0.287638452,0.078979686,liberty,california,san joaquin,root,chardonnay,Schwarzmann,GFLV,9.2,,,,1:03,7232018,3
CL30B,8.323801283,1.986039859,590.0771283,39.82271004,974.8262165,9507.03711,1249.764461,131.087051,14.48209338,0.090563307,0.129746053,2.316961976,8.439603136,0.051074949,0.002073656,2.325924329,12.5836133,0.039635235,0.005369221,liberty,california,san joaquin,berry,chardonnay,420A,NA,15.9,11.5,2.85,210,10:53,7232019,1
CL30RT,4.429959951,39.74875869,2512.769669,769.1834856,1231.982213,3491.179934,7925.240681,2173.994687,232.5809107,3.390104989,1.365411114,11.25065651,580.7172744,0.873129241,0.073404422,4.521688165,110.9259576,0.344275529,0.077895259,liberty,california,san joaquin,root,chardonnay,420A,NA,13.7,,,,1:06,7232018,1
CL31B,6.454027156,0.662555504,810.590593,3.034210433,1562.570184,12479.44654,1597.687809,30.15218186,9.730051949,0.022530601,0.09251419,3.871193084,4.952924862,0.008112913,0.010020054,3.524796563,15.39264463,0.024410521,0.005454582,liberty,california,san joaquin,berry,chardonnay,Freedom,GLRaV-3,14.6,9.7,2.94,242,1:09,7232018,3
CL31RT,4.680288501,51.17210881,2140.884844,450.6648,2911.60459,4372.685529,6869.660945,1620.413332,288.1333092,1.657336947,0.807798842,12.14273993,173.8893514,0.961332498,0.073479014,3.226560313,99.20913634,0.297052278,0.034613359,liberty,california,san joaquin,root,chardonnay,Freedom,GLRaV-3,14.6,,,,1:09,7232018,3
CL32B,5.62191707,0.836515748,797.1913148,3.705002943,1205.559247,9935.161427,1699.426308,27.0415772,9.015264623,0.031831262,0.165030617,2.869069204,25.00037139,0.004494921,0.002269323,3.172208981,12.21217127,0.031521273,0.014599814,liberty,california,san joaquin,berry,chardonnay,Freedom,NA,17.1,10.1,2.93,221,1:12,7232018,1
CL32RT,3.700345105,36.62821878,1705.543641,623.1968332,2402.96912,4077.036299,5663.257535,1992.48647,259.448071,2.205074126,0.842195129,8.041185815,415.580299,0.685708581,0.10618243,3.83713157,70.36553264,0.156594311,0.096130378,liberty,california,san joaquin,root,chardonnay,Freedom,NA,17.1,,,,1:12,7232018,1
CL33B,6.072268497,0.724378138,1045.85172,7.328510802,1584.240102,13069.14658,2206.041475,34.24401943,12.98348245,0.043799689,0.219914211,5.024931258,12.75704782,0.008857687,0.012412257,4.17703018,19.53201189,0.035023357,0.006814056,liberty,california,san joaquin,berry,chardonnay,101-14 MGT,GLRaV-3,16.6,10.1,2.81,191,1:16,7232018,2
CL33RT,2.574836152,49.82448433,2502.765557,1390.878623,1088.589862,5860.98524,8033.032251,4572.665797,316.1427964,4.065380487,1.780632822,15.1479691,147.9120531,2.624367864,0.194473032,8.774742601,83.50511095,0.334666144,0.122255164,liberty,california,san joaquin,root,chardonnay,101-14 MGT,GLRaV-3,16.6,,,,1:16,7232018,2
CL34B,7.742394625,0.530712558,585.4468561,3.970254456,1413.885521,14380.85104,1027.75245,30.75107488,6.295646437,0.049644185,0.159801398,5.544277616,4.362947103,0.00664489,0.015239383,3.565143332,10.42877002,0.043524488,0.003421018,liberty,california,san joaquin,berry,chardonnay,Ramsey,GLRaV-3,12.8,9,2.99,192,1:20,7232018,3
CL34RT,4.645494912,23.85722989,2007.116892,647.235721,3608.060544,4668.499492,5224.471572,1639.546281,168.1155798,1.114145616,1.071866193,14.66018148,330.0076549,0.794922333,0.061177223,4.382470295,69.97045379,0.138771061,0.047337024,liberty,california,san joaquin,root,chardonnay,Ramsey,GLRaV-3,12.8,,,,1:20,7232018,3
CL35B,9.576673217,1.078450834,846.2572197,6.478036586,2184.219373,15771.81461,3062.392173,36.13949859,19.47397198,0.06320165,0.077148492,5.40858684,61.68136755,0.023239246,0.016726691,4.365989247,25.00610978,0.06453385,0.009866983,liberty,california,san joaquin,berry,chardonnay,Teleki 5C,NA,11,6.4,2.62,312,1:24,7232018,2
CL35RT,4.429237129,33.66449684,1839.452162,505.9190234,2164.826776,3036.291346,7635.774876,1816.321757,156.6570018,1.336126705,0.959960596,12.93787482,288.2154065,1.006748154,0.088178942,3.146244049,118.0150245,0.25100233,0.062366309,liberty,california,san joaquin,root,chardonnay,Teleki 5C,NA,11,,,,1:24,7232018,2
CL36B,9.282996957,0.458746128,882.6395353,4.628111396,1579.104817,14410.03447,1801.023931,34.59019723,12.71973513,0.024786659,0.119416989,5.910920707,7.398496443,0.012641914,0.022795592,4.100038727,17.38170585,0.034476601,0.008152376,liberty,california,san joaquin,berry,chardonnay,140Ru,GLRaV-3,9.6,10.7,2.73,112,1:28,7232018,3
CL36RT,4.946911142,57.75715144,2699.38529,1216.182445,3358.893364,12184.67784,7981.058592,2969.996155,232.5362853,2.425855719,1.649827526,19.71796699,37.76094633,2.084375876,0.092938332,8.20009363,93.807626,0.328100655,0.093643814,liberty,california,san joaquin,root,chardonnay,140Ru,GLRaV-3,9.6,,,,1:28,7232018,3
CL37B,9.710219479,3.065946018,904.8850816,4.270317648,1455.457835,13437.56316,1709.530249,32.39449281,29.68044817,0.044116432,0.189455469,7.83307533,6.865200181,0.014266938,0.018753893,4.107736584,16.76372661,0.010901943,0.005302367,liberty,california,san joaquin,berry,chardonnay,039-16,NA,16.6,9,2.72,147,1:33,7232018,1
CL37RT,2.076184212,44.415281,2317.591375,1053.923882,879.5090724,3173.313507,5900.240718,2787.033714,210.7810737,3.976528578,2.070620597,14.40399886,221.3487362,1.690212742,0.199393,8.892890392,73.66798557,0.46306659,0.066137791,liberty,california,san joaquin,root,chardonnay,039-16,NA,16.6,,,,1:33,7232018,1
CL38B,7.946126389,3.01916306,1012.081118,3.522647398,2012.600487,13821.81868,2265.070206,28.50363441,16.33538561,0.040502379,0.080385532,6.571494154,9.292617037,0.013077099,0.011423943,3.566142331,22.63409206,0.059218364,0.012752083,liberty,california,san joaquin,berry,chardonnay,110 Richter,NA,15,NA,3.01,207,1:36,7232018,2
CL38RT,3.430119921,38.56591174,2105.692168,539.0421886,1842.792631,5163.07181,7557.032252,1580.200324,209.5614212,1.460300859,0.936275959,10.8417257,491.5170516,1.102986658,0.096618791,3.787506036,104.065261,0.269130243,0.06279911,liberty,california,san joaquin,root,chardonnay,110 Richter,NA,15,,,,1:36,7232018,2
CL39RT,3.68415717,27.24522862,1851.338101,1016.006701,1569.728425,4092.57503,6203.283349,3225.574483,236.31044,2.758254703,1.62853051,16.53354651,140.5856457,1.943438568,0.125902381,6.759634668,74.8624518,0.397824507,0.083064394,liberty,california,san joaquin,root,chardonnay,3309 Couderc,NA,14.4,,,,1:39,7232018,3
CL40B,12.24355673,2.194646668,1173.854855,27.11668646,1661.126117,18929.37867,2542.77128,96.2837695,38.65821142,0.132575186,0.148404531,6.205609669,18.96380235,0.034423117,0.014937077,6.478186616,25.7829193,0.032854651,0.007458844,liberty,california,san joaquin,berry,cabernet sauvignon,775 Paulsen,GLRaV-3,5.3,4.1,2.55,89,1:43,7232018,1
CL40RT,3.459784789,30.48395252,2144.821619,552.8344061,1470.049181,4344.659682,6054.656493,1670.004181,193.6210594,2.160124863,0.890852667,8.276384351,439.5263442,0.784104655,0.075797701,3.829280963,80.88449383,0.211659067,0.055538233,liberty,california,san joaquin,root,cabernet sauvignon,775 Paulsen,GLRaV-3,5.3,,,,1:43,7232018,1
CL41B,11.74375249,2.173687435,2047.333133,45.79766431,2213.599435,19490.9735,3511.511249,151.2208594,36.15149555,0.093894874,0.14868938,5.366010494,15.80331878,0.073875949,0.012957291,4.863206564,38.50687263,0.065142375,0.011069353,liberty,california,san joaquin,berry,cabernet sauvignon,420A,GLRaV-3,5.8,NA,2.47,43,1:48,7232018,2
CL41RT,2.460826753,139.9261082,4271.644728,1680.555182,1174.185228,10487.25971,5759.905087,3908.591892,211.9216586,4.088541946,2.628167315,16.0282425,43.99334186,3.473674189,0.107439107,15.6321944,75.57012095,0.377490798,0.048404188,liberty,california,san joaquin,root,cabernet sauvignon,420A,GLRaV-3,5.8,,,,1:48,7232018,2
CL42B,17.36741913,2.524296105,983.3089641,18.47929796,2614.792428,26947.21095,2329.829072,76.90127635,28.3080997,0.085912369,0.111744402,9.169475106,10.09432904,0.041170449,0.007124953,8.222865401,24.54039984,0.057618135,0.008289142,liberty,california,san joaquin,berry,cabernet sauvignon,110 Richter,NA,5.2,6.8,3,103,1:53,7232018,3
CL42RT,3.725317497,59.97643255,2349.137774,1000.299719,1931.481318,6828.493279,7537.636765,3100.692799,235.2358894,2.173684341,1.613055271,17.75284499,150.4464866,1.776222304,0.111060669,6.955335301,90.60864977,0.321292384,0.057810071,liberty,california,san joaquin,root,cabernet sauvignon,110 Richter,NA,5.2,,,,1:53,7232018,3
CL43B,7.729438292,0.480531921,663.9302507,2.881807116,1431.675528,11566.48783,1726.995144,30.45853088,21.26624915,0.033602083,0.103470849,4.209351039,28.94766335,0.011050243,0.022328128,1.485152107,15.7209264,0.033712115,0.004509285,liberty,california,san joaquin,berry,cabernet sauvignon,Ramsey,GLRaV-3,5.6,13.2,3.21,136,1:58,7232018,1
CL43RT,1.26926896,29.48380542,2249.707398,1167.077237,520.434613,2422.485619,3376.540367,3127.940853,255.9205148,3.258382043,2.055548104,8.603029732,229.2382264,1.757040776,0.154899236,9.427280259,45.8042363,0.222050734,0.048417071,liberty,california,san joaquin,root,cabernet sauvignon,Ramsey,GLRaV-3,5.6,,,,1:58,7232018,1
CL44B,12.49970221,1.088017902,1232.291318,8.539769216,2037.396879,16798.91218,2349.207498,53.37654017,29.61216204,0.042998971,0.068423005,8.625878961,8.629271589,0.016808965,0.019136661,2.921433179,27.20041559,0.06570346,0.006172512,liberty,california,san joaquin,berry,cabernet sauvignon,140Ru,GLRaV-3,4.8,5.1,2.85,98,2:01,7232018,2
CL44RT,4.508738961,30.48005517,2360.376957,544.609578,2464.799547,4907.250655,8642.410448,2142.688917,245.3372446,2.742488123,1.114204975,15.47700727,248.9738635,1.282718963,0.081688277,3.605205837,116.4798755,0.191258144,0.098294184,liberty,california,san joaquin,root,cabernet sauvignon,140Ru,GLRaV-3,4.8,,,,2:01,7232018,2
CL45B,10.99137994,1.226747706,1229.222077,13.53154972,1696.233826,15353.95786,2827.760848,53.53070478,29.6814309,0.053106287,0.323390566,5.533296436,10.671437,0.024210739,0.014882275,4.431821683,26.88934714,0.042330898,0.006736512,liberty,california,san joaquin,berry,cabernet sauvignon,Teleki 5C,NA,5.4,4.7,2.62,85,2:05,7232018,3
CL45RT,4.368214978,22.89128137,2249.054421,665.4571827,1292.07324,3851.781531,6994.773266,2263.377551,218.4885168,1.94294015,1.282173228,13.60934133,123.7681846,1.607640311,0.069893088,4.049648265,97.88694995,0.238599817,0.048734031,liberty,california,san joaquin,root,cabernet sauvignon,Teleki 5C,NA,5.4,,,,2:05,7232018,3
CL46B,12.64170122,0.668751763,1245.847503,10.72660855,1729.168923,15689.81608,3012.868282,43.32400566,14.25470516,0.03582757,0.065588814,5.641729303,14.89255716,0.014776414,0.023216536,8.603070956,26.16004311,0.046053034,0.002044144,liberty,california,san joaquin,berry,cabernet sauvignon,3309 Couderc,NA,6.7,3.8,2.69,49,2:09,7232018,1
CL46RT,4.533531189,41.45954731,2390.542005,1005.84116,2081.249506,6127.396431,6431.511252,3011.775417,210.6656232,2.194279488,1.317840532,12.43719165,85.49768666,1.053538215,0.083809373,6.139936459,91.89916654,0.274784857,0.031819042,liberty,california,san joaquin,root,cabernet sauvignon,3309 Couderc,NA,6.7,,,,2:09,7232018,1
CL47B,9.614385252,1.076533295,1212.376834,11.42968229,1839.807024,17364.37272,2690.780495,52.114857,25.70087022,0.069295894,0.174299248,5.421020544,11.73143542,0.017792312,0.017418568,4.909349037,29.71733545,0.050570235,0.011495973,liberty,california,san joaquin,berry,cabernet sauvignon,Schwarzmann,"GLRaV-3, GFLV",5.4,4.9,2.61,112,2:11,7232018,2
CL47RT,3.958833585,52.47690665,2547.195821,535.7686387,2299.0224,4656.764922,8572.555892,1656.287339,474.4185875,3.216158179,1.220554301,11.8496876,263.4949988,1.282702042,0.045110114,4.256395669,114.6563105,0.174764431,0.169488278,liberty,california,san joaquin,root,cabernet sauvignon,Schwarzmann,"GLRaV-3, GFLV",5.4,,,,2:11,7232018,2
CL48B,8.282146673,0.940069178,505.8074233,3.543784006,1147.062199,10948.08959,1214.548181,25.48857757,13.64099073,0.024541058,0.088226089,1.748195453,45.46051105,0.007817531,0.00541024,2.651506749,7.877715208,0.027187527,0.00362037,liberty,california,san joaquin,berry,cabernet sauvignon,Freedom,NA,15.2,11.5,3.01,234,11:04,7232019,3
CL48RT,3.896212963,58.66181487,2178.428794,1436.707712,1660.860632,5893.017236,6913.23372,4046.591133,244.2939368,3.164642722,2.321001942,31.81718712,111.7236615,2.64150911,0.162898436,9.859421565,75.93707444,0.536180254,0.119509579,liberty,california,san joaquin,root,cabernet sauvignon,Freedom,NA,5.1,,,,2:13,7232018,3
CL49RT,3.54056466,76.86878235,3039.392305,1237.583239,943.1298322,4765.720639,6947.545404,3155.196216,273.4896088,4.27462658,2.187968055,13.40845605,843.3939678,1.643902952,0.101206323,11.58611449,81.36509727,0.239843544,0.081229475,liberty,california,san joaquin,root,cabernet sauvignon,101-14 MGT,GLRaV-3,5.7,,,,2:15,7232018,1
CL50B,7.568103659,0.641652262,714.5792104,4.639589324,1424.268613,13079.82857,1509.529718,31.62004268,11.65780696,0.025735375,0.182365555,3.927309436,5.073501543,0.008380733,0.011748211,3.758207237,13.09760795,0.026633213,0.005756096,liberty,california,san joaquin,berry,cabernet sauvignon,1103 Paulsen,GLRaV-3,6,11.9,2.98,88,2:18,7232018,2
CL50RT,3.337827528,39.6042766,1867.936268,476.8114432,1348.813125,3948.692952,6875.805545,1808.840056,275.1372909,2.06575413,0.855667011,11.97252829,366.6118737,0.978726812,0.064426214,3.628195115,88.60548013,0.290524613,0.062351374,liberty,california,san joaquin,root,cabernet sauvignon,1103 Paulsen,GLRaV-3,6,,,,2:18,7232018,2
CL51B,13.07708487,1.231461898,1063.498286,26.87707409,2091.766588,20718.40105,1982.899482,83.0536876,21.16964211,0.063552309,0.096060822,9.589646402,6.804205993,0.028101685,0.015430336,5.725379053,19.16587344,0.086902812,0.012298902,liberty,california,san joaquin,berry,cabernet sauvignon,Ramsey,GLRaV-3,4.4,3.4,2.88,64,11:07,7232019,3
CL51RT,2.012726318,40.37872355,1983.596684,1281.010535,725.1923643,5416.622456,4466.493801,2924.266659,235.7490822,3.870549146,2.106507344,18.82707119,250.8231291,2.699194835,0.129488279,10.72760774,61.01524744,0.272484675,0.088177234,liberty,california,san joaquin,root,cabernet sauvignon,Ramsey,GLRaV-3,4.6,,,,2:21,7232018,3
CL52B,14.74373822,1.408579645,905.783728,2.929414147,1329.675934,11793.18315,1445.344508,26.15627908,22.29663489,0.075486486,0.063349319,3.872304481,6.42694522,0.012833767,0.006435524,2.804568149,15.26357702,0.030213383,0.010590223,liberty,california,san joaquin,berry,cabernet sauvignon,Schwarzmann,GFLV,8.2,8.3,2.59,59,11:09,7232019,1
CL52RT,4.416701955,24.72648179,2599.873708,829.2676836,1850.434444,2639.84066,8226.336021,2896.313833,208.3857043,2.820704259,1.538877446,14.96130563,710.5296027,1.179980244,0.100090563,4.888645304,114.9160319,0.255128951,0.136831043,liberty,california,san joaquin,root,cabernet sauvignon,Schwarzmann,GFLV,5,,,,2:26,7232018,1
CL53B,8.985083124,1.800050432,942.5730692,18.203451,1133.224714,12224.74129,2383.847119,76.49555783,43.96921941,0.083205509,0.105429377,3.342978056,12.41243714,0.048976754,0.010576457,2.724206712,26.45616175,0.041394974,0.00904112,liberty,california,san joaquin,berry,cabernet sauvignon,Kober 5BB,GFLV,13,8.3,2.77,94,11:11,7232019,2
CL53RT,3.689606566,25.88155326,1579.557147,544.6703152,1786.772979,3220.652669,6731.19775,1895.14793,253.4987338,1.828501311,0.961356877,11.85286943,106.3635113,1.04592812,0.04647783,3.242391634,94.91025767,0.264593699,0.029863938,liberty,california,san joaquin,root,cabernet sauvignon,Kober 5BB,GFLV,5.3,,,,2:30,7232018,2
CL54B,11.39102646,1.800565437,1141.37638,17.49363074,2250.701459,23600.13,3116.348835,71.9058164,35.39053257,0.08073719,0.240163256,8.512700891,12.79461979,0.035197294,0.018365519,6.719668467,33.54252773,0.034726518,0.005880462,liberty,california,san joaquin,berry,cabernet sauvignon,039-16,GLRaV-3,4.9,4.5,2.87,99,2:34,7232018,3
CL54RT,3.661197033,73.35955479,2940.078871,762.1070619,1385.112252,5702.56187,7865.17647,2212.836806,213.8468818,3.026134584,2.04211266,13.73645577,1473.287711,1.403713128,0.120684196,5.487755738,103.8903344,0.831126112,0.170145623,liberty,california,san joaquin,root,cabernet sauvignon,039-16,GLRaV-3,4.9,,,,2:34,7232018,3
CL55B,10.91444394,0.805020762,797.2979212,4.66512904,1321.432966,12449.81482,2302.839551,31.34980843,24.12630856,0.028197651,0.089963638,3.34065379,24.68469821,0.012944482,0.006480187,3.143090938,19.21104707,0.033232318,0.008708736,liberty,california,san joaquin,berry,cabernet sauvignon,Teleki 5C,NA,6,4.7,2.52,70,11:13,7232019,4
CL55RT,2.400155361,26.23011422,1913.388074,1087.845386,838.219419,3349.083723,5487.813003,3013.496704,200.0149426,3.890443315,3.235326942,19.27848368,415.3824377,4.086177447,0.115939552,11.75460575,66.61228188,0.407994613,0.116507845,liberty,california,san joaquin,root,cabernet sauvignon,Teleki 5C,NA,6.6,,,,2:38,7232018,4
CL56B,14.26103755,1.337656606,1121.393062,7.33482885,2227.851,19860.32239,2415.143342,37.80439858,22.16338213,0.036119969,0.09967611,6.397624963,6.400046489,0.012558964,0.020429565,6.969973604,25.45028398,0.055931068,0.008153747,liberty,california,san joaquin,berry,cabernet sauvignon,110 Richter,NA,4.2,8.1,2.82,78,2:42,7232018,1
CL56RT,3.846991371,58.98670958,2428.55633,859.6310884,1390.909176,6940.561091,8198.149694,3317.85378,161.32766,2.001381108,1.500115412,13.96766073,526.8672956,1.72435361,0.162566824,6.412943233,104.5026466,0.268942984,0.085508077,liberty,california,san joaquin,root,cabernet sauvignon,110 Richter,NA,4.2,,,,2:42,7232018,1
CL57B,13.64964296,1.239181611,1020.960265,4.399572293,1669.805424,20621.26847,1508.365107,38.43929047,28.30796587,0.031851368,0.108387275,5.423866736,8.365459318,0.018882157,0.026785929,5.795266445,17.587403,0.036336878,0.004853223,liberty,california,san joaquin,berry,cabernet sauvignon,3309 Couderc,NA,7,4.1,2.67,115,11:16,7232019,2
CL57RT,2.483246518,53.15862095,2414.983726,1119.248862,1048.534456,6715.477293,6278.035261,3322.770505,190.9248706,3.178408781,1.908471927,22.13136636,25.27445554,2.372217514,0.19581786,10.29944884,60.49912751,0.516464188,0.109368383,liberty,california,san joaquin,root,cabernet sauvignon,3309 Couderc,NA,7.8,,,,2:47,7232018,2
CL58B,11.73427042,1.254090397,1342.646058,6.776110401,2162.879414,18130.40346,2358.527135,52.2597449,40.19665936,0.030489988,0.118406953,7.723761272,9.740686599,0.025561518,0.022625347,4.939208201,22.60870851,0.060839356,0.002051925,liberty,california,san joaquin,berry,cabernet sauvignon,1103 Paulsen,GLRaV-3,5.5,3.8,2.62,88,11:18,7232019,3
CL58RT,3.485161899,22.75372483,1672.126361,550.4315537,1328.541816,3904.122226,6792.631085,1757.279738,270.8269447,2.353009839,1.064090757,15.63461389,460.8213274,0.974327692,0.065263177,3.942332383,83.74822729,0.265728258,0.0801576,liberty,california,san joaquin,root,cabernet sauvignon,1103 Paulsen,GLRaV-3,5.5,,,,2:49,7232018,3
CL59B,10.70675157,0.837525167,1254.088137,7.858240232,1738.519537,14183.08762,2270.294347,46.19624381,17.51403774,0.050654851,0.214980049,6.731725273,10.08185125,0.009681555,0.018454027,6.198193671,18.23553507,0.086969495,0.006981581,liberty,california,san joaquin,berry,cabernet sauvignon,140Ru,GLRaV-3,6.4,4.3,2.63,83,2:51,7232018,1
CL59RT,3.947268532,44.6099454,2851.585267,586.50852,2149.414851,5611.295218,8124.498726,2197.996434,198.2157064,1.983685647,1.011692619,10.18263876,565.06066,0.952878616,0.064971879,4.602427239,108.4564758,0.112697879,0.046815484,liberty,california,san joaquin,root,cabernet sauvignon,140Ru,GLRaV-3,6.4,,,,2:51,7232018,1
CL60B,12.46332033,1.01414283,1050.787332,10.95213217,1553.293816,19445.13531,2748.383185,47.26603279,24.11543757,0.036251215,0.119739251,5.665021377,12.69426983,0.022460827,0.015805536,5.23547358,24.30602462,0.066803486,0.005843622,liberty,california,san joaquin,berry,cabernet sauvignon,Teleki 5C,NA,9.8,5.2,2.53,94,2:56,7232018,2
CL60RT,0.802213107,20.55308837,1397.458075,934.1048829,376.9925849,2409.416538,1615.07494,2566.036636,226.8802082,2.229396682,1.567035577,8.804074738,925.5333872,1.653662609,0.072422351,8.555633651,25.3264841,0.12250318,0.089809864,liberty,california,san joaquin,root,cabernet sauvignon,Teleki 5C,NA,9.8,,,,2:56,7232018,2
CL61B,12.05909152,0.977452987,1199.332478,9.058945593,2092.375747,20665.98744,2706.212277,48.19844709,26.13221504,0.067663005,0.142730664,7.190231749,34.11582527,0.019222718,0.016046965,6.118437342,26.40613677,0.078488372,0.007042995,liberty,california,san joaquin,berry,cabernet sauvignon,140Ru,GLRaV-3,5.5,4.6,2.52,95,3:01,7232018,3
CL61RT,4.083954004,52.34377907,2169.181196,480.3193807,2614.375517,6576.257122,6072.739953,1434.83375,110.1709054,1.207306833,0.874909306,13.10862181,195.5470407,1.068634975,0.069502994,3.978223973,73.95908107,0.153596797,0.048969768,liberty,california,san joaquin,root,cabernet sauvignon,140Ru,GLRaV-3,5.5,,,,3:01,7232018,3
CL62B,11.4625293,0.999085496,1079.257268,5.411403415,1607.439103,13773.80251,1915.875586,34.75044903,18.98823003,0.030938486,0.127048291,5.722571583,8.166384704,0.011635892,0.00691074,6.208710292,20.70213983,0.034993553,0.002026089,liberty,california,san joaquin,berry,cabernet sauvignon,1103 Paulsen,GLRaV-3,7.7,5.5,2.51,94,3:06,7232018,1
CL62RT,1.195912635,39.3111678,2303.320569,1321.535226,506.8466252,2300.226242,3265.524211,3555.56271,254.835963,4.534354378,2.410879221,10.82623902,612.2168787,2.140440973,0.131777071,13.14574635,44.02960733,0.288631995,0.138201407,liberty,california,san joaquin,root,cabernet sauvignon,1103 Paulsen,GLRaV-3,7.7,,,,3:06,7232018,1
CL63B,8.95146896,0.837363154,1160.275943,8.437792874,1985.185883,15043.88624,2480.341991,47.00364314,26.30050081,0.029570895,0.069258921,8.057114735,10.85654585,0.020373105,0.022119409,5.603794202,24.54887371,0.061780925,0.00718721,liberty,california,san joaquin,berry,cabernet sauvignon,775 Paulsen,NA,5.3,6.1,2.67,66,3:11,7232018,2
CL63RT,3.795264751,32.23362549,1808.884516,523.972424,2143.689952,5529.161736,6781.289188,1523.300486,198.4837414,1.459542477,0.828521335,13.48386017,391.6109695,0.943952802,0.061266239,4.050604832,97.19601056,0.162841531,0.048339937,liberty,california,san joaquin,root,cabernet sauvignon,775 Paulsen,NA,5.3,,,,3:11,7232018,2
CL64B,9.827168873,0.992291607,1068.997739,8.72799344,1516.524046,15457.17407,2563.179392,43.45938016,21.05436635,0.070194931,0.134158611,4.070580884,7.702456209,0.015710851,0.018370102,8.396674329,25.47064948,0.030702916,0.004000758,liberty,california,san joaquin,berry,cabernet sauvignon,101-14 MGT,GLRaV-4,6.1,6.6,2.67,72,3:14,7232018,3
CL64RT,3.712632228,46.62279364,2244.003423,1446.529126,1129.43674,4694.746666,7523.240943,3958.125116,186.7041306,2.375825369,2.370541929,33.0843872,862.8028063,2.88687548,0.13315346,9.603749174,83.05574935,0.603179932,0.211848997,liberty,california,san joaquin,root,cabernet sauvignon,101-14 MGT,GLRaV-4,6.1,,,,3:14,7232018,3
CL65B,9.863418053,0.86995604,824.7364323,5.105099639,1238.857848,12755.6632,1980.845561,26.19012462,13.26107262,0.030539405,0.103275152,4.259694845,7.305433429,0.009943116,0.0121722,6.043261562,17.73335242,0.036149888,0.003472962,liberty,california,san joaquin,berry,cabernet sauvignon,Kober 5BB,GLRaV-3,6.2,5.5,2.43,151,3:18,7232018,1
CL65RT,3.868107593,29.77207247,1723.209609,500.6364454,1652.804803,2951.589992,6678.209546,1685.014582,231.7463778,1.868318053,1.105617665,11.34653777,297.1222277,0.999325336,0.07801636,3.019494153,93.90810785,0.218001724,0.049683943,liberty,california,san joaquin,root,cabernet sauvignon,Kober 5BB,GLRaV-3,6.2,,,,3:18,7232018,1
CL66B,9.468135107,1.897846298,1041.40147,11.40583122,2494.715199,26781.9582,3321.141911,44.95855648,42.79107736,0.054830594,0.288914888,7.934997158,7.722721446,0.027441927,0.021293043,9.192573414,33.19857625,0.029976875,0.008791722,liberty,california,san joaquin,berry,cabernet sauvignon,039-16,GLRaV-3,6,5.5,2.52,86,3:23,7232018,2
CL66RT,2.986048892,60.5962519,2462.379032,1265.453651,973.1814219,3197.62564,6605.772083,3415.515908,362.8442625,3.939938431,2.115653962,18.07074914,478.6085939,1.719459481,0.099210436,6.722443038,91.07864576,0.289335043,0.043843954,liberty,california,san joaquin,root,cabernet sauvignon,039-16,GLRaV-3,6,,,,3:23,7232018,2
CL67B,9.633959269,0.934866861,1380.277318,6.789763073,1597.7812,14978.88103,3632.572778,33.16201308,23.39797078,0.044194733,0.144555851,4.109099332,11.30202167,0.009262899,0.009986422,5.062233752,32.02471703,0.053493466,0.011219718,liberty,california,san joaquin,berry,cabernet sauvignon,420A,GLRaV-3,4.9,4.3,2.47,117,3:27,7232018,1
CL67RT,2.890201942,63.94803466,3396.824241,1187.298887,2355.573981,4430.516394,8848.692013,3216.84614,287.8113095,3.187030103,1.563486365,23.72473716,37.34412994,1.898504448,0.259907493,6.998445625,108.3400639,0.742446434,0.148961689,liberty,california,san joaquin,root,cabernet sauvignon,420A,GLRaV-3,4.9,,,,3:27,7232018,1
CL68B,10.77552855,0.937577614,1257.58442,8.995580674,1675.570276,15405.18813,2367.008535,42.69423251,27.26966104,0.039758567,0.180525162,5.040386696,10.23586472,0.021783106,0.009752541,6.214055831,23.53390219,0.030559562,0.005357978,liberty,california,san joaquin,berry,cabernet sauvignon,101-14 MGT,NA,5,4,2.53,131,3:32,7232018,2
CL68RT,2.387507441,57.40343376,2415.858669,1104.866425,1273.38755,9232.143598,5244.874117,4395.429999,238.1177643,2.677287276,1.94591884,20.12589494,30.55370987,2.472960171,0.148547413,12.35592575,53.21512218,0.612837383,0.1620127,liberty,california,san joaquin,root,cabernet sauvignon,101-14 MGT,NA,5,,,,3:32,7232018,2
CL69B,9.01446679,1.1695277,1453.178332,5.559364861,1779.217159,18349.65753,3657.694422,32.54329357,55.43377661,0.058051248,0.184087602,5.077172667,32.47086934,0.021562139,0.014384083,3.529123499,36.31171613,0.043386488,0.00675986,liberty,california,san joaquin,berry,cabernet sauvignon,Kober 5BB,NA,5.2,4.3,2.47,56,11:20,7232019,3
CL69RT,3.218674132,70.13234997,3092.028243,1101.397569,1449.007882,8348.500123,6501.681034,3837.079165,206.576077,3.50033824,2.721874272,21.8923174,645.9249697,2.379627772,0.17362489,11.96407723,84.93603722,0.353353542,0.134541911,liberty,california,san joaquin,root,cabernet sauvignon,Kober 5BB,NA,9,,,,11:20,7232018,3
CL70B,8.170688513,3.560875592,1700.579936,34.49466891,1532.753626,12367.26401,3331.316488,118.3830072,26.60184073,0.139760306,0.173868625,4.728674127,21.18615627,0.077776766,0.023309653,7.324888405,35.53428321,0.033998556,0.00757849,liberty,california,san joaquin,berry,cabernet sauvignon,Freedom,"GLRaV-3, GFLV",5.4,5.9,2.59,138,3:41,7232018,1
CL70RT,3.379609674,34.09394625,1356.19961,421.4464186,1759.727941,3139.824128,4508.840229,1336.326496,461.0490428,4.33282262,0.764279589,8.16786313,450.949568,0.59874858,0.049894673,3.09056488,68.49903804,0.179292135,0.052898024,liberty,california,san joaquin,root,cabernet sauvignon,Freedom,"GLRaV-3, GFLV",5.4,,,,3:41,7232018,1
CL71B,11.28355135,1.096204024,1212.433472,7.696472225,1562.488404,15259.55499,2674.972246,40.10484016,17.95383262,0.046978655,0.131527491,5.15694572,12.03005757,0.015398767,0.008544228,7.733820185,28.80707839,0.026821694,0.019811004,liberty,california,san joaquin,berry,cabernet sauvignon,Freedom,GFLV,10.3,4.9,2.66,173,3:45,7232018,2
CL71RT,4.851562339,101.5796717,3033.10967,935.0636806,1402.182262,6891.940021,9922.579261,4011.584645,251.5900228,4.421326626,2.390289541,40.52084135,1604.748938,2.090739161,0.192631283,9.168320368,136.0504581,0.658448232,0.215097896,liberty,california,san joaquin,root,cabernet sauvignon,Freedom,GFLV,10.3,,,,3:45,7232018,2
CL72B,12.67942093,4.886824263,2086.768055,6.922901441,2018.077125,21961.11374,3923.135401,42.04246513,18.50612456,0.067442585,0.097149949,6.955287115,18.27654285,0.013495674,0.012107258,11.03947473,43.72690871,0.044947067,0.005577104,liberty,california,san joaquin,berry,cabernet sauvignon,3309 Couderc,GLRaV-3,7,NA,2.92,148,3:48,7232018,3
CL72RT,3.40342968,28.36646022,1669.088343,520.8189156,1721.458829,3733.420354,6246.882094,1448.107259,216.5788716,2.472172733,1.158451432,13.09151765,792.0232158,0.905510277,0.051001122,3.989182051,74.07766288,0.104170834,0.054663013,liberty,california,san joaquin,root,cabernet sauvignon,3309 Couderc,GLRaV-3,7,,,,3:48,7232018,3
CL73B,7.982959477,1.038703943,717.125279,4.372917556,1332.202135,13673.62164,1731.955863,25.14278091,22.74008603,0.054089476,0.093574329,3.820332007,21.32247787,0.010644312,0.0232986,5.928169176,14.79357186,0.023843978,0.002769736,liberty,california,san joaquin,berry,cabernet sauvignon,039-16,"GLRaV-3, GVA",6,4.9,2.71,203,11:23,7232019,1
CL73RT,3.727686605,62.2565948,2543.671521,832.3221189,1516.797264,4519.258425,6687.704339,2119.5242,180.1628302,2.11361405,1.368737211,11.19932097,462.2307992,0.968693444,0.117561035,5.355842863,90.52110959,0.53660083,0.099040994,liberty,california,san joaquin,root,cabernet sauvignon,039-16,"GLRaV-3, GVA",4.8,,,,3:50,7232018,1
CL74B,12.99833745,0.776457695,1005.316,7.384517246,2675.298656,21832.15016,2067.797482,49.19281665,23.95349077,0.027446742,0.152169435,11.43416051,6.225210161,0.021116331,0.013588943,12.07486214,20.43067548,0.110426794,0.032458274,liberty,california,san joaquin,berry,cabernet sauvignon,775 Paulsen,GLRaV-3,5,3.8,2.9,85,3:56,7232018,3
CL74RT,0.801562421,16.46408379,1376.188568,1250.457146,363.6939527,3075.783374,9552.727084,3572.469642,223.0392273,2.857763738,2.406226981,12.25770621,135.2900311,2.732488834,0.084307342,12.5918504,27.30241326,0.196712172,0.077555371,liberty,california,san joaquin,root,cabernet sauvignon,775 Paulsen,GLRaV-3,5,,,,3:56,7232018,3
CL75B,6.485129344,0.804864374,853.5248213,2.415277588,1628.130624,10263.61055,1966.664651,32.65621565,10.83207417,0.038043918,0.049231956,5.23745006,5.941280113,0.006608018,0.015169849,1.792606129,18.96130741,0.026812729,0.001208952,liberty,california,san joaquin,berry,cabernet sauvignon,Ramsey,GLRaV-3,4.8,8.9,2.84,97,4:01,7232018,2
CL75RT,4.295991525,56.53637376,4266.517266,337.3080948,4619.25036,6849.273261,10351.02237,1020.399138,133.1771905,1.238030258,0.834228597,12.66105413,344.4295484,0.683051986,0.054238441,3.422013269,125.5613713,0.251322041,0.071836777,liberty,california,san joaquin,root,cabernet sauvignon,Ramsey,GLRaV-3,4.8,,,,4:01,7232018,2
CL76B,14.70603794,1.387042723,1004.081119,17.59085561,1687.567588,22308.60139,2574.336122,63.86593972,17.11183942,0.064829687,0.160804119,5.417706674,8.163130833,0.024172379,0.014350172,7.7306444,27.2256625,0.045074647,0.005797636,liberty,california,san joaquin,berry,cabernet sauvignon,420A,NA,5.3,3.8,2.77,155,4:06,7232018,3
CL76RT,3.856457311,27.95869518,1934.252445,386.2200966,3386.002765,2038.009254,7130.741422,1039.220789,234.5420341,2.312264082,0.950890041,13.37802499,542.9228738,1.147288427,0.069141478,2.159223461,96.52693676,0.556722808,0.117038109,liberty,california,san joaquin,root,cabernet sauvignon,420A,NA,5.3,,,,4:06,7232018,3
CL77B,12.98336474,0.576844712,1143.130241,4.359148905,1666.23652,14231.02131,2628.642127,33.15102044,24.72788158,0.03333919,0.079362178,5.740507722,8.989988991,0.011889329,0.010295892,4.983213311,23.55695987,0.060093541,0.003404437,liberty,california,san joaquin,berry,cabernet sauvignon,110 Richter,GLRaV-3,10.6,NA,2.82,113,4:11,7232018,2
CL77RT,2.934083906,31.37576218,1448.00898,348.788533,2433.510406,5820.771687,6915.240214,1191.735646,119.9390358,1.080363523,0.539557279,11.04638318,145.6505,0.578423447,0.0598661,3.39484916,78.60931823,0.13982348,0.051989692,liberty,california,san joaquin,root,cabernet sauvignon,110 Richter,GLRaV-3,10.6,,,,4:11,7232018,2
CL78B,12.5908269,1.586930485,1130.208388,17.50995807,1834.094185,18580.66921,2261.323476,46.39088442,20.60300213,0.063790305,0.114821793,5.447233302,8.997893883,0.018468008,0.013804922,7.513263092,22.6176031,0.04358098,0.007511969,liberty,california,san joaquin,berry,cabernet sauvignon,Schwarzmann,"GLRaV-3, GVA",6.3,4.2,2.55,132,4:15,7232018,3
CL78RT,3.136447663,23.37650152,1282.379078,637.2968812,1728.672657,3078.795989,4380.679817,1845.139694,139.4113882,1.2101535,0.863143565,14.37156616,135.5579524,0.746264347,0.063018267,4.08680037,62.34910338,0.167556546,0.031744824,liberty,california,san joaquin,root,cabernet sauvignon,Schwarzmann,"GLRaV-3, GVA",6.3,,,,4:15,7232018,3
